# Partition table for the opt-in secure profile (sdkconfig.secure), 4 MB flash.
#
# Same A/B app slots as partitions.csv. Offsets are left to the generator, after the partition
# table at 0xD000 (CONFIG_PARTITION_TABLE_OFFSET), which leaves room for the larger bootloader.
# nvs_keys holds the NVS encryption keys when they are protected by flash encryption.
# efuse_em is used only with sdkconfig.secure_virtual_efuse.
#
# Name,     Type, SubType,  Offset, Size,     Flags
nvs,        data, nvs,      ,       0x6000,
otadata,    data, ota,      ,       0x2000,
phy_init,   data, phy,      ,       0x1000,
nvs_keys,   data, nvs_keys, ,       0x1000,   encrypted
efuse_em,   data, efuse,    ,       0x2000,
ota_0,      app,  ota_0,    ,       0x1D0000,
ota_1,      app,  ota_1,    ,       0x1D0000,
